Alexxxandr0-entity.json,F5eduX4m4O/ot3UcFs3iQk1ZPUuG43kuxGI9sZz95uU=,oasis1qzmwdlxy7cltmwt99u9pwqt3g0rdwgsqyvcqymmt,0xB1869052fE6E055b45ae79B0B59d15A14bbA05fa,True
Bambarello-entity.json,T5k7PtOR01oZrdnZveDpO9AFpMUhEREZk7WSSfm8Gtg=,oasis1qzugextrcdueshq63w7l9x4xglnusznsgqa95w7e,0xDeD70469224cDdF1Bee60F1eED2047ebdf9caD0C,True
C-Surgeon-entity.json,/ylWdaid2DDlI4BMVkX6gAR6eaBYlLolHbjCmHitrzc=,oasis1qp6fzgx9zhamsk6c77cwzjeme06xwswffvhk6js2,0xcF23ab4014718B48D6E9795EA72BA417D6F73688,True
CentreDLTUM-entity.json,YDHYz/R+Y7pCodhmgkCqzoqqN54gzRfVE5fjZriX+RI=,oasis1qzrehfnnntdaeshy5f6kfa8v3p35yu7mluaapmgc,0x7c1d82a14a51746c09D18028c13830F424444D35,True
Cherkes615-entity.json,/Foi5kZdBc70HPmlguvY6AzBILNrNiPDgKQLOITuIEI=,oasis1qps9drw07z0gmh5z2pn7zwl3z53ate2yvqf3uzq5,0x7884Fa36730E761E3F73c34554852D403D3d4cd8,True
Code-Breader-entity.json,WXs7ElBlm30la2fG4oZDpubeFu5sKkjDVeflWo+YuIA=,oasis1qql4alk30frfa6xua42eu7tynkqf9vd5ug95yqpn,0xd6959c3692AcdA5294b7A1e4C465dE84c1a3D55e,True
Esya-entity.json,7DwKCCQV9THNLyTELQTBCWNPIHZJdAq7qGk1D7vx2zo=,oasis1qp0j5v5mkxk3eg4kxfdsk8tj6p22g4685qk76fw6,0x845700dF7902382f52b9Bf5190CD5428d23fE68B,True
Julia-Ju-Ju-entity.json,bTok0el8GbmUzTAAgcQ78uww/TsgeWwXpM3N2S49qBQ=,oasis1qp4f47plgld98n5g2ltalalnndnzz96euv9n89lz,0xeBb571e7e4b7cE9f43CAfaf6dC0Ef0c5961d9a02,True
Krewedk0-entity.json,32KS5Z9LWTD2UEUOqhRwZyJvb0lb12iiE9UYgoFjsKQ=,oasis1qzu358mpd4z5frmrq6vnwq87cqfvdmfxh5ax57cj,0x40DC494150fE934641B68ce20E46f1dA760647BA,True
Lucas-L-entity.json,aOefxt5MUuXEbErxpD+ZttJWh/3d9if+t+PBTeAgKpo=,oasis1qz2rxs50p4kn537tcupjhg7ad3zcm9s7uuyrrd9e,0x75Ed9808B3D71D90694b70BB650Ce3ECe80209FD,True
Ostrovmaria80-entity.json,Y+ve+O0hlBco/1YzuFODIn7Jo3D5c9BOqduhc7KZM8E=,oasis1qq3fq8hxrlq6pedw0q3f57daea43a6v7q5rwf0ll,0x00000000037a08ce8c4917a5c58f40c85367df0c,True
PowerMax999-entity.json,tcon38rBr3dHmURuXOTUFpDPKwE4eOU82F121rX9esE=,oasis1qqx820g2geqzeyeyfnm5hgz72eaj9emajgqmscy0,0xd5D39C5d46D973c1C824877d9a583fd2e4A39C11,True
Sayeh-1337-entity.json,uxSkvFu6x4MIYV+M1VrDu3m/qbADs/1Ae3mWAcEmnaQ=,oasis1qrtq873ddwnnjqyv66ezdc9ql2a07l37d5vae9k0,0xb6Ea7321514E435C1B2c570c33f3Ca68D912FB24,True
SimplyVC-entity.json,WazI78lMcmjyCH5+5RKkkfOTUR+XheHIohlqMu+a9As=,oasis1qz0ea28d8p4xk8xztems60wq22f9pm2yyyd82tmt,0x4fBefaf1BFf0130945C61603B97D38DD6e21f5Cf,True
SmartStake-entity.json,KmMS+RzjQ9vm9J2aX9YihJnmmSc/IBquCysbhPxVDFM=,oasis1qqlq8jplttrmw982rrhp0svl8054xqevecks5yqr,0x770BCcB2F326435AFda99871890f5cC23B2f6058,True
Tuzemunez-entity.json,XSQLBoubhOq/X86vKIj4Xzouo1Fhe39+kLF/2PDgKpM=,oasis1qqr8y5cez0aczdlnfp9fre82whjsdgqgd5xxtv6p,0x70892d799f350b97106ae8B9AE603bcaf650a943,True
UbikCapital-entity.json,3NKMT/Qz11e2xklwSCV/zeawLE3BIO/Rn4LfaV47QJI=,oasis1qppjm5sxqwps4dpyekdvz530sjmq3e5eusp7hdan,0xC869a1389cab3594175f7a017e4b932C9E982434,True
Wanderer-Cry-entity.json,sDi9ZxHYB+rHTpVh4abNFXDMRSecfGe4QzbyGK8ZgQg=,oasis1qqewwznmvwfvee0dyq9g48acy0wcw890g549pukz,0x29d5E04c8D621fF9022F643C6a1CfA9baBEe2a7C,True
anhhoangta-entity.json,EMocfU8+k8g40RFIrEQzXxnmjvkLl0lTm9HdlvLuBrY=,oasis1qr6up5yhuqyngscsst7n9epnhg2uwmumwuttlh0w,0x0d3854F9618fEDe545Ff348114F67BA155D9adAB,True
aptemuyc-entity.json,BBba0XfI4WSTroE+/YGcFthxbEC5jQJhWhl0jIBwke0=,oasis1qq2kqzr4q942x44st97n66nmmyh7dhsuvsqyc22u,0x123456789681afb25aaaa3b2a6e064c57c8fa3e9,True
bitoven-dev-entity.json,UFXCpcvXBOHbxtObG4psGcn+LgZOedvDDUAqVengpPk=,oasis1qrs8zlh0mj37ug0jzlcykz808ylw93xwkvknm7yc,0x1ed5C9755dA699903b49a69733701f14e16a6b1b,True
calvinzhou-rockx-entity.json,3DRMMM7ye2HREvk8zz06OjMG6BuWjs84PLdSYChNHAw=,oasis1qpjuke27se2wnmvx6e8uc4l5h44yjp9h7g2clqfq,0x7d1c8AA977696fD938CA2EaBE8D9be7358694486,True
cherideal-entity.json,xQN6ffLSdc51EfEQ2BzltK1iWYAw6Y1CkBAbFzlhhEQ=,oasis1qzp84num6xgspdst65yv7yqegln6ndcxmuuq8s9w,0xCD60CC64acf74c68a7E9D7407d249Bae74DEf892,True
chris-remus-entity.json,a/LVFfoI3aRoasZs6tP/Lvn0CbG6RkvEFYHcVR/Vo9M=,oasis1qrxyndkhehffdme39urcp2v7m2t7k06xwsuyaxqq,0x1216F51Cf38BAa42eDc63C89560162277E4399F5,True
dcccapital-entity.json,4gbOOU09bcyvM53Up1lTnP+sLb0feniJu0OcUUPCBSs=,oasis1qzl99wft8jtt7ppprk7ce7s079z3r3t77s6pf3dd,0x3B6408d6585FfCc23a951874ce7399C038ac45d0,True
dm4-entity.json,RDCyARTIdpiG75L9vVXAYIhRCToSrchZkv3JUW3Pji8=,oasis1qztpm422n7v98f4s7ja0wt5jey7fy3xpg5ye2vtl,0x1cca28600d7491365520b31b466f88647b9839ec,True
elsehow-entity.json,4g2p36WoOzdHyXq6tOjFb3nv6y90/zyQcb1eQcy5doo=,oasis1qra3rvq7y055waxmnx8rc0nad3frr8na2s9l8l3f,0xDf3679681B87fAE75CE185e4f01d98b64Ddb64a3,True
gsuwiwoskjs-entity.json,+MBgzI9mlzJsOxIDVib7XsY4X4a4YqX67dpH8It9sX4=,oasis1qq9dy5xlkrp6y3ckfp8rx8edq77c88ttl5qe3p2u,0xfE2f873CC0ADd0C3E76D4932a0d8B099231Fd6f0,True
gunray88-entity.json,Vt63FfFzNMgUngrMvnKks+icySi5LwkjniJEJMZAimM=,oasis1qq4f2h225gv6g8w8w23fm740aze9lke4qun72n59,0x0d34a90Bd5586C62fD94b1c1B52c38FeFF8Feae0,True
huglester-entity.json,GDWO0+R7qSrWB0bvT+V2Kz6vlHcm6ZnaNQM2/FsFqEA=,oasis1qzv7a0gkxwpfelv985fvkl24k7jh3arfwy84zw7q,0xb6ADf0345aa8364b225ED388EfFF9A568E06fa4c,True
hydai-entity.json,UC0Aaa2Czc25G5+X2HOio6H0wQuBJR550chCE2kieN0=,oasis1qp3fd5rplv5uh6nc9vn85ejeaszewjv2xgvfts07,0x1cCA28600d7491365520B31b466f88647B9839eC,True
jjangg96-entity.json,DIbPacWGEiealk+226eYEafYmKJpD98PYoWp/tcPXJI=,oasis1qpsnzv8qz4fu3lwps2tc3eg5pnryzl4h7cqxruzf,0x17cCdDa3914aB73f480FEEa2eCA6381C2cE6D4b9,True
jrastit-entity.json,kupW3Pt0XMeERSkdDWyZMU4oZrk0wGysVXVyqX3rylc=,oasis1qz26ty8q6gwt6zah7dtt8jpepvwnttkg8ssnxjl7,0xB724531aD056340bbf611Ac2E68502B26D394179,True
k0kk0k-entity.json,LaKJUKndAqH57DVExspTjdRTRNGJOSqArzM0pm8REZw=,oasis1qrmexg6kh67xvnp7k42sx482nja5760stcrcdkhm,0x21ae46BA2e14C70bF4cF135931020BeA69F1c3ec,True
kaustubhkapatral-entity.json,tvPlmGHv5aokL9MMBqNAkSOygldJIlRTmSIvCwuh0rU=,oasis1qzc687uuywnel4eqtdn6x3t9hkdvf6sf2gtv4ye9,0xbDcaAB0Ed904cBD5Ed666622f1D5BfA4d0A35E4f,True
lqyice-entity.json,J2nwlXuYEPNZ0mMH2Phg5RofbZzj65xDvQMNdy9Ji0E=,oasis1qz22xm9vyg0uqxncc667m4j4p5mrsj455c743lfn,0x64fbF94E304F35970692C06c52A414784Af15B5F,True
lymweb-entity.json,BTAJNDyd6/UQ+pfhTDdPGsothzJ+C5/C/g52a3DIlMw=,oasis1qrgxl0ylc7lvkj0akv6s32rj4k98nr0f7smf6m4k,0xB30d353A0cdab1F33E486FB605BCa9ec88826C9A,True
marssuper-entity.json,zAhtGrpk1L3bBLaP5enm3natUTCoj7MEFryq9+MG4tE=,oasis1qq0xmq7r0z9sdv02t5j9zs7en3n6574gtg8v9fyt,0x33E0e54ffC9a5b43B28e331957387F0BE60e48C5,True
nodeRunner130-entity.json,9+lM5vQ1g+cVzjaNM78gxw1yUegVj57tHDbpN7DKIvw=,oasis1qppctxzn8djkqfvrxugak9v7dp25vddq7sxqhkry,0xb2F959f8B17c9452Fc1d1B9c75020A000471D534,True
nodeasy-entity.json,J3ou5m1abrwcbYwTksSj1Hj21QoDjyrSkjB40rEKV4E=,oasis1qqnmppt4j5d2yl584euhn6g2cw9gewdswga9frg4,0x183348a186F6099110327a37368cA19430Ee30Ea,True
npinto-entity.json,kN01v7L/wv6hvrd1ak83pgCedGDnpgbGJVkXezhUUJ8=,oasis1qrw82ag2sypeytse9x9k4uxym53l5lc5jyfs2sxv,0xb98ddC58bc81c697A38151D5d5b7e4b8d917f6C1,True
oceanabcde-entity.json,ko5wr5SMqhKb+P1kimM1EF/T4SqvW/WjSOwPHigQl+k=,oasis1qz72lvk2jchk0fjrz7u2swpazj3t5p0edsdv7sf8,0x373Ae024d17D7AE3C99CBe614a36c5EAa770dF66,True
ponchik69-entity.json,FDqRmM1FyhaGas+lquWmGAKgMsU2rj7UESAlnOHtxco=,oasis1qq7vyz4ewrdh00yujw0mgkf459et306xmvh2h3zg,0xfA92Bd86c45C6e6e9EA6c10918D98579B39A4AfC,True
realizability-entity.json,RZowTXmfT+b6H6Vuz97VECIy2cq8tytTilv8AxbtvO8=,oasis1qram2p9w3yxm4px5nth8n7ugggk5rr6ay5d284at,0x1E453B5F439879cc54064298Eb12E41592cE5010,True
rozum-dev-entity.json,21+iPu/omYBN7X5cUY4QnD4b9VVuAiW/u8uABqt2VjM=,oasis1qpaygvzwd5ffh2f5p4qdqylymgqcvl7sp5gxyrl3,0x73da0E7b376fd9De019F6058b79b777D87b3791F,True
sideEffect117-entity.json,WqBX+RyP1S8WsCuxrkwk1KUEqpPxkMSYyvl0rjL+NCo=,oasis1qp4ajz4vdgx3ze42ulk7m0jkxfstqcl87qymg9nx,0x0f02253f52dCc313d77b0e78C44e4d9a3503b50c,True
slavaAa129-entity.json,oPekghIahmyMUzB31IFbXQd6DKdo7lnOYsXIppK2IWU=,oasis1qr8al5vcpqzjspdl8yt27fqc3pydz4alhs0xqp5e,0x88888888a51765b09a32e8930e1ba1a17927ebad,True
spdd-entity.json,C7he7BJPrgVrsGRm4m+OFcHlcNYOEPSGeerxvV/BsBA=,oasis1qrzkqzvlw9xgyxhhqps746ssyhn5lkqrmcgz8amq,0x0681fCDB638f3617A5f2197B124Bc9817C4bCF60,True
wetezos-entity.json,izy38AmUeU4b4L23kVy4BlxbkHGOPy4KPSSLnJglrV0=,oasis1qz65awwegd9pr8msfxkg7hpwyjemm2qdlysyc8jq,0x9EA0fe988BC7A57DEabD3EfaE79DEC6Af10E5210,True
winslyn-entity.json,kfr2A6K6TlvhQm4nz88Hczzkd2Aq5PlkxSpnmUUBAFs=,oasis1qr0jwz65c29l044a204e3cllvumdg8cmsgt2k3ql,0x518970f66BddB2Ac23651Ac9E3fCEa7801EF63c2,True
wjdfx-entity.json,UkwjS1YvEfHx9b6MMT5Q1WvCY3aWn2lxRDsB/Pw+zGk=,oasis1qrdx0n7lgheek24t24vejdks9uqmfldtmgdv7jzz,0x9Beebb1230D10a4fD6D0b0BcdF3a68f0b0364F55,True
xudoubles-entity.json,VsrHPScBde1FUb+BDWONvLxxwKOKevLB7FRbUAaiF+Y=,oasis1qqs5wnxvsk009swtt7ehm5fslxve96kczszwt47s,0x87de27a0F3AACe035690734F5324Eacb1313cC27,True
y3v63n-entity.json,jzTWYikeN6NIuMQ6l4iqdDOF9jyfOJG2FcnQaNBn9+s=,oasis1qp4rp7adhegfktyg4aq3w6jelqumx6klfv5t7kvv,0xE63Ecd27499b22c48F3BB04b2351BF7a803a24C0,True
zxliu-entity.json,bb1zWp0gzS1ij1OY3KzxC0BJNdqkAiJ26z3iD8slt7c=,oasis1qpqz2ut6a6prfcjm64xnpnjhsnqny6jqfyav829v,0x986EAf493D48F7c673EAC361001b4300d9222FFb,True
